Month,Total_Customers,New_Customers,Churned_Customers,Basic_Customers,Pro_Customers,Enterprise_Customers,New_Enterprise_Wins,Enterprise_Upgrades,Lost_Enterprise,MRR,ARR,Revenue,Total_Revenue,New_MRR,Expansion_MRR,Churn_MRR,Net_New_MRR,MoM_Growth_%,COGS,Gross_Profit,Gross_Margin_%,RD_Cost,SM_Cost,GA_Cost,CS_Cost,Salary_GA,Salary_Engineering,Salary_Marketing,Salary_Sales,Salary_CS,HC_GA,HC_Engineering,HC_Marketing,HC_Sales,HC_CS,Total_Headcount,EBIT,Profit_Loss,Cumulative_Cash,LTV_Blended,LTV_CAC_Ratio,CAC_Payback_Basic,CAC_Payback_Pro,CAC_Payback_Enterprise,SM_Efficiency
1,58,10,2,35,17,6,1,0,0,7350.63,88207.56,7350.63,7350.63,1000,144.84,0.0,7350.63,0.0,1168.05,6182.58,84.11,57794.03,39367.53,21500.0,12032.67,15000.0,50000.0,12500.0,20000.0,10833.333333333334,2,5,2,3,2,14,-124511.65,-124511.65,-124511.65,2100.43,14.0,3.1,1.0,0.3,2.24
2,67,12,3,40,20,7,1,0,0,8559.5,102714.0,8559.5,8559.5,1200,168.66,367.53,1208.87,16.45,1354.76,7204.74,84.17,57842.38,39427.97,21500.0,12050.67,15000.0,50000.0,12500.0,20000.0,10833.333333333334,2,5,2,3,2,14,-123616.28,-123616.28,-248127.93,2118.83,14.13,3.1,1.0,0.3,0.37
3,77,13,3,46,23,8,1,0,0,9818.09,117817.08,9818.09,9818.09,1300,193.46,427.98,1258.59,14.7,1555.45,8262.64,84.16,57892.72,39490.9,21500.0,12070.67,15000.0,50000.0,12500.0,20000.0,10833.333333333334,2,5,2,3,2,14,-122691.65,-122691.65,-370819.58,2114.49,14.1,3.1,1.0,0.3,0.38
4,88,15,4,53,26,9,2,1,0,11126.43,133517.16,11126.43,11126.43,1500,219.24,490.9,1308.34,13.33,1770.11,9356.32,84.09,57945.06,39556.32,21500.0,12092.67,15000.0,50000.0,12500.0,20000.0,10833.333333333334,2,5,2,3,2,14,-121737.73,-121737.73,-492557.31,2094.99,13.97,3.1,1.0,0.3,0.4
5,102,18,4,61,31,10,2,1,0,12786.97,153443.64,12786.97,12786.97,1800,251.96,556.32,1660.54,14.92,2042.96,10744.01,84.02,58011.48,39639.35,21500.0,18079.0,15000.0,50000.0,12500.0,20000.0,16250.0,2,5,2,3,3,15,-126485.82,-126485.82,-619043.13,2075.46,13.84,3.1,1.0,0.3,0.5
6,117,20,5,70,35,12,2,1,0,14852.49,178229.88,14852.49,14852.49,2000,292.66,639.35,2065.52,16.15,2358.2,12494.29,84.12,58094.1,39742.62,21500.0,18109.0,15000.0,50000.0,12500.0,20000.0,16250.0,2,5,2,3,3,15,-124951.43,-124951.43,-743994.56,2104.15,14.03,3.1,1.0,0.3,0.62
7,134,23,6,81,40,13,2,1,0,16662.24,199946.88,16662.24,16662.24,2300,328.32,742.62,1809.75,12.18,2672.98,13989.26,83.96,58166.49,39833.11,21500.0,18143.0,15000.0,50000.0,12500.0,20000.0,16250.0,2,5,2,3,3,15,-123653.34,-123653.34,-867647.9,2057.15,13.71,3.1,1.0,0.3,0.55
8,154,27,7,93,46,15,3,1,0,19179.44,230153.28,19179.44,19179.44,2700,377.92,833.11,2517.2,15.11,3074.36,16105.08,83.97,58267.18,39958.97,21500.0,18183.0,15000.0,50000.0,12500.0,20000.0,16250.0,2,5,2,3,3,15,-121804.07,-121804.07,-989451.97,2060.65,13.74,3.1,1.0,0.3,0.76
9,177,31,8,106,53,18,3,1,0,22404.09,268849.08,22404.09,22404.09,3100,441.46,958.97,3224.65,16.81,3562.33,18841.76,84.1,58396.16,40120.2,21500.0,18229.0,15000.0,50000.0,12500.0,20000.0,16250.0,2,5,2,3,3,15,-119403.6,-119403.6,-1108855.57,2097.56,13.98,3.1,1.0,0.3,0.96
10,203,35,9,122,61,20,4,1,0,25422.71,305072.52,25422.71,25422.71,3500,500.94,1120.2,3018.62,13.47,4063.82,21358.89,84.02,58516.91,40271.14,21500.0,18281.0,15000.0,50000.0,12500.0,20000.0,16250.0,2,5,2,3,3,15,-117210.16,-117210.16,-1226065.73,2073.35,13.82,3.1,1.0,0.3,0.9
11,234,41,10,141,70,23,4,1,1,29248.24,350978.88,29248.24,29248.24,4100,576.32,1271.14,3825.53,15.05,4679.86,24568.38,84.0,58669.93,40462.41,21500.0,18343.0,15000.0,50000.0,12500.0,20000.0,16250.0,2,5,2,3,3,15,-114406.96,-114406.96,-1340472.69,2068.84,13.79,3.1,1.0,0.3,1.13
12,269,47,12,161,81,27,5,2,1,33932.46,407189.52,33932.46,33932.46,4700,668.62,1462.41,4684.22,16.02,5404.6,28527.86,84.07,70357.3,48696.62,21500.0,18413.0,15000.0,60000.0,12500.0,26666.666666666668,16250.0,2,6,2,4,3,17,-130439.06,-130439.06,-1470911.75,2089.63,13.93,3.1,1.0,0.3,1.15
13,310,54,13,186,93,31,5,2,1,39016.6,468199.2,39016.6,39016.6,5400,768.8,1696.62,5084.14,14.98,6221.33,32795.27,84.05,70560.66,48950.83,21500.0,18495.0,15000.0,60000.0,12500.0,26666.666666666668,16250.0,2,6,2,4,3,17,-126711.22,-126711.22,-1597622.97,2084.44,13.9,3.1,1.0,0.3,1.25
14,356,62,16,213,107,36,6,2,1,45009.16,540109.92,45009.16,45009.16,6200,886.88,1950.83,5992.56,15.36,7160.73,37848.43,84.09,70800.37,49250.46,21500.0,18587.0,15000.0,60000.0,12500.0,26666.666666666668,16250.0,2,6,2,4,3,17,-122289.4,-122289.4,-1719912.37,2094.88,13.97,3.1,1.0,0.3,1.46
15,409,71,18,245,123,41,7,2,1,51552.86,618634.32,51552.86,51552.86,7100,1015.82,2250.46,6543.7,14.54,8214.23,43338.63,84.07,71062.11,49577.64,21500.0,18693.0,15000.0,60000.0,12500.0,26666.666666666668,16250.0,2,6,2,4,3,17,-117494.12,-117494.12,-1837406.49,2088.02,13.92,3.1,1.0,0.3,1.58
16,471,82,20,283,141,47,8,3,1,59203.94,710447.28,59203.94,59203.94,8200,1166.58,2577.64,7651.08,14.84,9446.32,49757.62,84.04,71368.16,49960.2,21500.0,18817.0,15000.0,60000.0,12500.0,26666.666666666668,16250.0,2,6,2,4,3,17,-111887.74,-111887.74,-1949294.23,2081.51,13.88,3.1,1.0,0.3,1.84
17,541,94,24,325,162,54,9,3,1,68014.13,816169.56,68014.13,68014.13,9400,1340.18,2960.2,8810.19,14.88,10851.13,57163.0,84.05,71720.57,57900.71,21500.0,24915.33,15000.0,60000.0,18750.0,26666.666666666668,21666.666666666668,2,6,3,4,4,19,-118873.61,-118873.61,-2068167.84,2082.11,13.88,3.1,1.0,0.3,1.83
18,622,108,27,373,187,62,11,4,2,78234.17,938810.04,78234.17,78234.17,10800,1541.56,3400.71,10220.04,15.03,12478.73,65755.44,84.05,72129.37,58411.71,21500.0,25077.33,15000.0,60000.0,18750.0,26666.666666666668,21666.666666666668,2,6,3,4,4,19,-111362.97,-111362.97,-2179530.81,2083.09,13.89,3.1,1.0,0.3,2.1
19,715,124,31,429,214,72,12,4,2,90167.52,1082010.24,90167.52,90167.52,12400,1776.7,3911.71,11933.35,15.25,14363.4,75804.12,84.07,72606.7,59008.38,21500.0,25263.33,15000.0,60000.0,18750.0,26666.666666666668,21666.666666666668,2,6,3,4,4,19,-102574.29,-102574.29,-2282105.1,2089.06,13.93,3.1,1.0,0.3,2.43
20,822,143,36,493,247,82,14,5,2,103406.17,1240874.04,103406.17,103406.17,14300,2037.56,4508.38,13238.65,14.68,16492.49,86913.68,84.05,73136.25,59670.31,21500.0,25477.33,15000.0,60000.0,18750.0,26666.666666666668,21666.666666666668,2,6,3,4,4,19,-92870.21,-92870.21,-2374975.31,2083.42,13.89,3.1,1.0,0.3,2.66
21,945,164,41,567,284,94,16,6,2,118760.08,1425120.96,118760.08,118760.08,16400,2340.1,5170.31,15353.91,14.85,18950.81,99809.27,84.04,73750.4,60438.0,21500.0,25723.33,15000.0,60000.0,18750.0,26666.666666666668,21666.666666666668,2,6,3,4,4,19,-81602.46,-81602.46,-2456577.77,2081.08,13.87,3.1,1.0,0.3,3.05
22,1087,189,47,652,326,109,19,7,3,136936.69,1643240.28,136936.69,136936.69,18900,2698.26,5938.0,18176.61,15.31,21824.94,115111.75,84.06,97477.47,77346.83,29750.0,26007.33,22500.0,80000.0,18750.0,40000.0,21666.666666666668,3,8,3,6,4,24,-115469.88,-115469.88,-2572047.65,2086.62,13.91,3.1,1.0,0.3,2.82
23,1250,217,54,750,375,125,22,8,3,157325.0,1887900.0,157325.0,157325.0,21700,3100.0,6846.83,20388.31,14.89,25086.0,132239.0,84.05,98293.0,78366.25,29750.0,26333.33,22500.0,80000.0,18750.0,40000.0,21666.666666666668,3,8,3,6,4,24,-100503.58,-100503.58,-2672551.23,2084.44,13.9,3.1,1.0,0.3,3.12
24,1438,250,62,863,431,144,25,9,4,181037.43,2172449.16,181037.43,181037.43,25000,3567.24,7866.25,23712.43,15.07,28862.99,152174.44,84.06,99241.5,79551.87,29750.0,26709.33,22500.0,80000.0,18750.0,40000.0,21666.666666666668,3,8,3,6,4,24,-83078.26,-83078.26,-2755629.49,2085.27,13.9,3.1,1.0,0.3,3.58
